Top consultas,Cliques,Impressões,CTR,Posição
analisar redação,2,4,50%,8.75
calculadora de férias,0,9,0%,98.22
calculadora de décimo terceiro,0,7,0%,90.71
calculadora de ferias,0,6,0%,96.83
calculadora ferias,0,5,0%,97.6
calculadora decimo terceiro,0,4,0%,94.25
calcular decimo terceiro,0,4,0%,98.5
calculadora décimo terceiro,0,3,0%,94.33
calculo aviso previo,0,3,0%,96.33
calcular décimo terceiro,0,3,0%,98.67
calculadora férias,0,3,0%,99.67
pdf,0,2,0%,10
o comprovante do pix serve como recibo,0,2,0%,11
recibo simples,0,2,0%,44.5
removedor de fotos,0,2,0%,52
unificar pdf online,0,2,0%,53
modelo de recibo simples,0,2,0%,70
criar recibo,0,2,0%,71.5
fazer recibo,0,2,0%,79
otimizar imagem,0,2,0%,87.5
cálculos fgts,0,2,0%,88
fgts calculo,0,2,0%,90.5
conversor de png,0,2,0%,91
calculo fgts,0,2,0%,92
conveter png,0,2,0%,92
calculo de fgts,0,2,0%,93.5
calculador de ferias,0,2,0%,94
calcular rescisão com fgts,0,2,0%,94
conversor png,0,2,0%,94.5
cálculo do décimo terceiro,0,2,0%,94.5
cálculo exato férias,0,2,0%,96
calcular rescisão contratual com fgts,0,2,0%,96.5
calcular 13 salario,0,2,0%,97
simulação de férias,0,2,0%,97
cálculo décimo terceiro salário,0,2,0%,97.5
cálculo de liquidación en brasil,0,1,0%,3
removedor de fundo,0,1,0%,4
recibo de pix,0,1,0%,11
tá pronto,0,1,0%,15
combinar pds,0,1,0%,16
agenda de compromisso,0,1,0%,30
juntar pdf online,0,1,0%,49
adjuntar pdf,0,1,0%,52
combinar pdf online gratis,0,1,0%,54
remover fungo png,0,1,0%,58
jpg change,0,1,0%,65
como preencher recibo de aluguel,0,1,0%,67
como funciona o saque rescisão,0,1,0%,69
fgts rescisório,0,1,0%,70
gerar referencia abnt,0,1,0%,71
gerador referencia abnt,0,1,0%,74
gerar pix,0,1,0%,74
qual valor da multa rescisória,0,1,0%,75
recortar fundo de imagem,0,1,0%,75
gerador de qr code pix gratuito,0,1,0%,77
gerador de recibo online,0,1,0%,77
tirar fundo de imagem,0,1,0%,80
como calcular a multa rescisória,0,1,0%,81
contador de ferias,0,1,0%,81
recibo grátis,0,1,0%,81
calculo de rescisão com fgts,0,1,0%,84
calculo exato 13,0,1,0%,84
gerador de recibos,0,1,0%,84
remover fundo de imagem online grátis,0,1,0%,84
simulador férias,0,1,0%,84
tirar fundo da foto gratis,0,1,0%,84
como calcular multa rescisória,0,1,0%,85
convert a png,0,1,0%,85
calculadora 13 salario,0,1,0%,86
calculos trabalhistas fgts,0,1,0%,86
como calcular aviso previo,0,1,0%,87
calculadora de decimo terceiro,0,1,0%,88
calculo de rescisão e fgts,0,1,0%,88
como calcular fgts não depositado,0,1,0%,88
calculo de ferias calculo exato,0,1,0%,89
calculo de rescisão de trabalho com fgts,0,1,0%,89
calculo fgts com multa,0,1,0%,89
como calcular meu fgts,0,1,0%,89
fgts calculo multa,0,1,0%,89
gerenciador de referencias abnt,0,1,0%,89
calculo da multa do fgts,0,1,0%,90
calculo exato de férias clt,0,1,0%,90
site para redimensionar imagem,0,1,0%,90
calculadora de 13,0,1,0%,91
calculadora de fgts rescisão,0,1,0%,91
calcular aviso previo,0,1,0%,91
calculo exato do fgts,0,1,0%,91
fgts cálculo,0,1,0%,91
rescisão com fgts,0,1,0%,91
13 calculo,0,1,0%,92
calculador ferias,0,1,0%,92
calculo exato ferias coletivas,0,1,0%,92
calculo rescisão trabalhista com fgts,0,1,0%,92
como calcular a multa do fgts,0,1,0%,92
como calcular fgts na rescisão,0,1,0%,92
como é calculado fgts,0,1,0%,92
cálculo exato fgts,0,1,0%,92
calculador de férias,0,1,0%,93
calculadora de decimo,0,1,0%,93
calcular 13o salário proporcional online,0,1,0%,93
calculo demissão com fgts,0,1,0%,93
calculo exato de férias,0,1,0%,93
calculo fgts rescisão,0,1,0%,93
calculo rescisório com fgts,0,1,0%,94
como calcular o fgts,0,1,0%,94
simulador de férias,0,1,0%,94
calculo do fgts mensal,0,1,0%,95
calculo rescisão com fgts,0,1,0%,95
calculo trabalhista com fgts,0,1,0%,95
calcular 13,0,1,0%,97
calculo de 13 salario,0,1,0%,97
calculo de fgts rescisão,0,1,0%,97
calculo exato fgts,0,1,0%,97
caluladora de ferias,0,1,0%,97
cauculadora de ferias,0,1,0%,97
como calcular rescisão e fgts,0,1,0%,97
fgts calculo exato,0,1,0%,97
fundo de garantia calculo,0,1,0%,97
calculo de rescisão trabalhista com fgts,0,1,0%,98
calculo fgts sobre rescisão,0,1,0%,98
cálculo de fgts,0,1,0%,98
calculadora salario ferias,0,1,0%,99
calculadora decimo terceiro 2025,0,1,0%,100
cálculo fgts,0,1,0%,100
decimo terceiro calcular,0,1,0%,100