Páginas principais,Cliques,Impressões,CTR,Posição
https://precisoutapronto.com.br/games/ferramentas/planejador-armazenamento,3,4,75%,2
https://precisoutapronto.com.br/calculadora-de-rescisao,1,178,0.56%,85.07
https://precisoutapronto.com.br/es/tools/pix,1,7,14.29%,23.71
https://precisoutapronto.com.br/games/ferramentas/custo-por-hora,1,1,100%,2
https://precisoutapronto.com.br/guias/como-cobrar-sinal-antes-de-comecar-servico,1,1,100%,2
https://precisoutapronto.com.br/ferramentas/redacao-enem,0,279,0%,72.32
https://precisoutapronto.com.br/gerador-de-recibo,0,66,0%,57.79
https://precisoutapronto.com.br/calculadora-de-decimo-terceiro,0,27,0%,74.7
https://precisoutapronto.com.br/agenda-online,0,26,0%,41.96
https://precisoutapronto.com.br/es/tools/severance,0,20,0%,7.3
https://precisoutapronto.com.br/games/ferramentas/meu-pc-roda,0,16,0%,49.31
https://precisoutapronto.com.br/gerador-de-referencias-abnt,0,16,0%,71.69
https://precisoutapronto.com.br/es/tools/lattes-cv,0,13,0%,12.69
https://precisoutapronto.com.br/proposta-comercial-mei,0,12,0%,5.17
https://precisoutapronto.com.br/gerador-de-proposta-comercial,0,12,0%,22.67
https://precisoutapronto.com.br/calculadora-de-ferias,0,11,0%,81.55
https://precisoutapronto.com.br/gerador-de-qr-code-pix,0,10,0%,18
https://precisoutapronto.com.br/guias/modelo-de-recibo-mei,0,8,0%,8.5
https://precisoutapronto.com.br/remover-fundo-de-imagem,0,8,0%,50.88
https://precisoutapronto.com.br/guias/contrato-de-prestacao-de-servicos-gratis,0,8,0%,60.25
https://precisoutapronto.com.br/orcamento-com-pix,0,6,0%,4.17
https://precisoutapronto.com.br/imprensa,0,5,0%,5
https://precisoutapronto.com.br/,0,5,0%,5.8
https://precisoutapronto.com.br/recibo-de-pagamento,0,5,0%,43.2
https://precisoutapronto.com.br/embed,0,4,0%,5.75
https://precisoutapronto.com.br/games/ferramentas/calculadora-edpi,0,4,0%,33.5
https://precisoutapronto.com.br/modelos/referencias-abnt-online,0,4,0%,66.75
https://precisoutapronto.com.br/biblioteca,0,3,0%,5.67
https://precisoutapronto.com.br/guias/como-gerar-qr-code-pix-para-cobranca,0,3,0%,7.67
https://precisoutapronto.com.br/mei-ou-clt,0,3,0%,14.33
https://precisoutapronto.com.br/guias/como-precificar-servico-freelancer,0,3,0%,26
https://precisoutapronto.com.br/corretor-de-redacao-enem,0,3,0%,29
https://precisoutapronto.com.br/para/estudantes,0,2,0%,4
https://precisoutapronto.com.br/guias,0,2,0%,5
https://precisoutapronto.com.br/para/freelancers,0,2,0%,5
https://precisoutapronto.com.br/contato,0,2,0%,6
https://precisoutapronto.com.br/sobre,0,2,0%,6.5
https://precisoutapronto.com.br/assistente/documentos,0,2,0%,7.5
https://precisoutapronto.com.br/calculadora-de-preco-freelancer,0,2,0%,9
https://precisoutapronto.com.br/editor-de-pdf-online,0,2,0%,9
https://precisoutapronto.com.br/termos,0,2,0%,9
https://precisoutapronto.com.br/guias/mei-ou-clt-como-comparar,0,2,0%,11
https://precisoutapronto.com.br/gerador-de-curriculo,0,1,0%,2
https://precisoutapronto.com.br/guias/como-calcular-rescisao,0,1,0%,2
https://precisoutapronto.com.br/guias/como-fazer-orcamento-com-pix,0,1,0%,2
https://precisoutapronto.com.br/games,0,1,0%,4
https://precisoutapronto.com.br/guias/proposta-comercial-para-mei,0,1,0%,5
https://precisoutapronto.com.br/para/mei,0,1,0%,5
https://precisoutapronto.com.br/para/rh,0,1,0%,5
https://precisoutapronto.com.br/checklist-cobranca-mei,0,1,0%,6
https://precisoutapronto.com.br/para/contadores,0,1,0%,7
https://precisoutapronto.com.br/planos,0,1,0%,7
https://precisoutapronto.com.br/es/tools/quote-pix,0,1,0%,9
https://precisoutapronto.com.br/games/diagnostico,0,1,0%,9
https://precisoutapronto.com.br/games/jogos/grand-theft-auto-v,0,1,0%,9
https://precisoutapronto.com.br/guias/modelo-de-orcamento-para-prestacao-de-servico,0,1,0%,10
https://precisoutapronto.com.br/modelos/proposta-comercial-para-mei,0,1,0%,10
https://precisoutapronto.com.br/modelos/recibo-de-pagamento,0,1,0%,10
https://precisoutapronto.com.br/modelos/cronograma-de-entregas,0,1,0%,43
https://precisoutapronto.com.br/games/hardware/processador-para-jogos,0,1,0%,49
https://precisoutapronto.com.br/gerador-de-contrato,0,1,0%,62
https://precisoutapronto.com.br/guias/recibo-simples-tem-validade,0,1,0%,70
https://precisoutapronto.com.br/en/tools/image-converter,0,1,0%,79
https://precisoutapronto.com.br/modelos/calculo-de-ferias,0,1,0%,88
https://precisoutapronto.com.br/es/tools/split-pdf,0,1,0%,90
https://precisoutapronto.com.br/en/tools/image-optimizer,0,1,0%,96