"File","Bytes","SHA256"
"Bellows-Controls-fonts.css","9510","D0E6D68DABBB4B28A88C8863AA48F512B8E72CDCAB6EB195AAAD6472111B3AC3"
"Bellows-Controls.css","48316","5A9FD92C4BBEB38E68B15B93B7D57E1F06A6FA258E4A99D797F52457CA5480A1"
"fonts.css","54872","D3996DC8CF72743A1B0E32E10E3383033EB586843036304206DAFEC660718676"
"index.html","43019","0C2C600C54871F55B9E4AA1BC30968E82D6D0934EC17771EAD3F5CCF49565C1E"
"jquery.js","89476","F7F6A5894F1D19DDAD6FA392B2ECE2C5E578CBF7DA4EA805B6885EB6985B6E3D"
"nicepage.css","1411026","8ED6F432469DB14E37CCC78F687E642F17C03B7013314686F9D7D05355C0B1CB"
"nicepage.js","315439","54F3B7D93A0E4D6021277E229F1243743CD1960B3455897CAA4C068066D5AAD7"
"cdn-cgi\scripts\5c5dd728\cloudflare-static\email-decode.min.js","1239","2595496FE48DF6FCF9B1BC57C29A744C121EB4DD11566466BC13D2E52E6BBCC8"
"fonts\KFOiCnqEu92Fr1Mu51QrEz0dL_nz.woff2","16164","0EC3CC19652785204EA2E322330F0F1B94E8F7693C091257B09465EE2D784E0B"
"fonts\KFOiCnqEu92Fr1Mu51QrEz4dL_nz.woff2","12572","64A6B4E954CF84685CBF8DE77EB473447462D900251AA12651862495CD301AE5"
"fonts\KFOiCnqEu92Fr1Mu51QrEz8dL_nz.woff2","5760","7B63598DCC2A26583B82594BD0E36D5BE872B5CBE9BFD47B54D263AC96A8863A"
"fonts\KFOiCnqEu92Fr1Mu51QrEzAdLw.woff2","17060","B19AC4E57F2A56639EEBD1C35319E5A7124BE70D3FA155B63D878886520154FA"
"fonts\KFOiCnqEu92Fr1Mu51QrEzMdL_nz.woff2","7540","DAF12B5F1889502004BBA85AD71F9FA444A250BF0C41C782A6ADA5D062E9DCFD"
"fonts\KFOiCnqEu92Fr1Mu51QrEzQdL_nz.woff2","9960","B57A5ADA789F195D5D42F4073A6CF313CE1099070F6CAC649CF1B01E09E9C6C2"
"fonts\KFOiCnqEu92Fr1Mu51QrEzwdL_nz.woff2","1464","4F17F22FC6BFF4F3333CCF7ED7126E6DDE26200B9A0F12BD5D77737B32C04FC4"
"fonts\KFOjCnqEu92Fr1Mu51S7ACc-CsTKlA.woff2","10640","6DEB20301C65A96DB17C433AD0CF8158CC434CBA08C94F9B91814EA0FECE024E"
"fonts\KFOjCnqEu92Fr1Mu51S7ACc0CsTKlA.woff2","12848","7AF61B2367EBA2B1852E837C46A75696C130FD67B934AAE77F9F082A5A771416"
"fonts\KFOjCnqEu92Fr1Mu51S7ACc1CsTKlA.woff2","5928","2E10480D4154762BC7C8FBB40877E104F45BF1406B769E9DD76981E489E61586"
"fonts\KFOjCnqEu92Fr1Mu51S7ACc2CsTKlA.woff2","1540","63111D307C01B52FFCCF7B0319CB79178D0160615D0A59F5FD0D0AFD52E2F05F"
"fonts\KFOjCnqEu92Fr1Mu51S7ACc3CsTKlA.woff2","16608","4C815FDC869F885520F7C8EAE6730EDF6B44D5D1AE19C399DE60B96FE180796C"
"fonts\KFOjCnqEu92Fr1Mu51S7ACc5CsTKlA.woff2","7608","E56CC9FB5272752B78F144B4BE43175DFFEA2ED4FA6304A58D4F483FE4814AD2"
"fonts\KFOjCnqEu92Fr1Mu51S7ACc6CsQ.woff2","17336","661D4B208656C006E7AAB58ACF7784857963123675DE2302279FBE6C05313547"
"fonts\KFOjCnqEu92Fr1Mu51TjASc-CsTKlA.woff2","10428","76945C7494C20515BB45D1DEDAB8F7062020A8252297F8E24AB4FA908AC24032"
"fonts\KFOjCnqEu92Fr1Mu51TjASc0CsTKlA.woff2","12864","F53F3B5A15D717B6D21D7885285E90EDD7B31C27D9FC650509E3BEF8B1029379"
"fonts\KFOjCnqEu92Fr1Mu51TjASc1CsTKlA.woff2","5928","E33716333704AB19FDF9989E072AD49A34DD80F349678E575D0EF0AFA1B1A651"
"fonts\KFOjCnqEu92Fr1Mu51TjASc2CsTKlA.woff2","1512","B5B4146D87E5D22D0A4E0D04F3EE5626FDCF869DFCCA49F17E573F9C4239639B"
"fonts\KFOjCnqEu92Fr1Mu51TjASc3CsTKlA.woff2","16700","E704EF18719C08839BC99A32437EF0F85186A5172FB611CDB0CF70119A7630F4"
"fonts\KFOjCnqEu92Fr1Mu51TjASc5CsTKlA.woff2","7696","21953B998BAB09C1F60C599CAEE563785FD4F324ED5B1CCF5C7C3589E8407C61"
"fonts\KFOjCnqEu92Fr1Mu51TjASc6CsQ.woff2","17508","BB8007225D94A099CDDBADE7EA904667C0DD0B68D5E30778E5C6257589AB94D1"
"fonts\KFOjCnqEu92Fr1Mu51TLBCc-CsTKlA.woff2","10652","DA6CD48E6DAD1888FCCC91735E7522F7D27FC4489F39491C714A739C16C9D24F"
"fonts\KFOjCnqEu92Fr1Mu51TLBCc0CsTKlA.woff2","12832","BFD1A0C9C783E84595589F33E1828A57194951AB7DBBA5B6B43E6CEE19C38301"
"fonts\KFOjCnqEu92Fr1Mu51TLBCc1CsTKlA.woff2","5876","3F1918538864F9681D47A4538D48289C3093F551B7022C9C3EA03817D8BC80DA"
"fonts\KFOjCnqEu92Fr1Mu51TLBCc2CsTKlA.woff2","1508","50AACF068F685BE0DD903A91D5BAB7D87EC21D65B3D9F99F29523758A91CA986"
"fonts\KFOjCnqEu92Fr1Mu51TLBCc3CsTKlA.woff2","16812","0D1B73EEE266EABB2CFF35DFA4CE25A31DAE637DCF3552F93FCADB089A4980F3"
"fonts\KFOjCnqEu92Fr1Mu51TLBCc5CsTKlA.woff2","7704","1383417807F7965DAAF94E7C497DCDDB156E159F70C1E0D41A33EDD9AF139837"
"fonts\KFOjCnqEu92Fr1Mu51TLBCc6CsQ.woff2","17552","3CF78AD3BCD1324E10A4ACDC34BFC4A159F9A045B30EDBE3738A9D1B9F807A39"
"fonts\KFOjCnqEu92Fr1Mu51TzBic-CsTKlA.woff2","10076","C8A9FD4EAB4E83382CC66FDE70911B41FDB83C6CDD24493A9B42C0CE6D37A941"
"fonts\KFOjCnqEu92Fr1Mu51TzBic0CsTKlA.woff2","12620","ACAAC043CA238F0E56E61864456777FAA4A413B1F0A1DD02FE506B870BC69F26"
"fonts\KFOjCnqEu92Fr1Mu51TzBic1CsTKlA.woff2","5972","BDBB6B52604C2451FDCBA9CDFD44F4E1907E5CC562E8CD0177660F3AEF678332"
"fonts\KFOjCnqEu92Fr1Mu51TzBic2CsTKlA.woff2","1460","5D7FF31AC7BF945E8D61878F8A9412393F25FCD61842CF363CB2B26BB10EA627"
"fonts\KFOjCnqEu92Fr1Mu51TzBic3CsTKlA.woff2","16024","CCDEBED88064E470C15F37C432922E57CFAE38A6CEFA86A34FC614F6545EEE1E"
"fonts\KFOjCnqEu92Fr1Mu51TzBic5CsTKlA.woff2","7460","2A8C422BEF4A7099E99DBF0E61ED5E49E2229975CB8134C5D768342E572629AB"
"fonts\KFOjCnqEu92Fr1Mu51TzBic6CsQ.woff2","17032","6BE97CA17228A69C406231D89C003194C3DFBA7401EAA9FE9E9ED0EF1C18DC38"
"fonts\KFOkCnqEu92Fr1MmgVxEIzIFKw.woff2","1428","8007DFE835CFB201B8CAAA96510985884244A8A90DCE9541F5B2D3A3BD49C4BB"
"fonts\KFOkCnqEu92Fr1MmgVxFIzIFKw.woff2","14688","8E48CF20CF9F9E5FEB7197C79028132B9BF30250B6207C18F6B598E78B25F219"
"fonts\KFOkCnqEu92Fr1MmgVxGIzIFKw.woff2","11804","10B31F4CAD9EA78D43449886BFBB88ACA3C40B131EE513E54B433FE59FF4C3BD"
"fonts\KFOkCnqEu92Fr1MmgVxHIzIFKw.woff2","5388","CA7EEA0CF248D6E8442C01074765BD33EC8D2273F3FE5CDA95BC06DC7B143A71"
"fonts\KFOkCnqEu92Fr1MmgVxIIzI.woff2","15764","0F303F31706D39866CCED9DCC17B61FB8423674278D7F6051D66B3A79FFBCA18"
"fonts\KFOkCnqEu92Fr1MmgVxLIzIFKw.woff2","7012","8C3798E37724F71BC0C63C44A53074133ADA9A00A3A2D261A3BC105DBF095AFF"
"fonts\KFOkCnqEu92Fr1MmgVxMIzIFKw.woff2","9180","638764DC2513DEB09C55FC025F6DD36CB03FF5FFF305EAC7D2EEEBF5C8284D06"
"fonts\KFOkCnqEu92Fr1Mu51xEIzIFKw.woff2","1512","144860ED1E48E186F08997E6388A9C3F5E5A0589DEB34A1BDC2EB16C949BC683"
"fonts\KFOkCnqEu92Fr1Mu51xFIzIFKw.woff2","16676","A6CAF7B9888EB0C382948C1CA5E8BEBB8065DE48A05B409E85D34B223ADA0ADF"
"fonts\KFOkCnqEu92Fr1Mu51xGIzIFKw.woff2","12704","9582CED8A675BF267CC7AC392A86413ED850E53C85919B93719134ECC22EA04B"
"fonts\KFOkCnqEu92Fr1Mu51xHIzIFKw.woff2","5928","0B68E8634C96265EB32A0C769416B5B02215EE3FEE0C9E228F3455DC13ECABAF"
"fonts\KFOkCnqEu92Fr1Mu51xIIzI.woff2","17368","DB0424FB67FB52E7E538490240CC7FB9C05AA076333A4968F3DEE30B825DABF9"
"fonts\KFOkCnqEu92Fr1Mu51xLIzIFKw.woff2","7700","2EA7A97B7C976B121112A088EB3985618A0C3981EC68A6E91BBA0227C59D6884"
"fonts\KFOkCnqEu92Fr1Mu51xMIzIFKw.woff2","10292","A6933E678530B263486FA7B185A449CAC947E1496EF61D496642032F339E9E43"
"fonts\KFOlCnqEu92Fr1MmEU9fABc4EsA.woff2","9840","3728FBDD191D75BAD5B83A838DFE2FC15F84C2AAA36FFA573321275847DB31A9"
"fonts\KFOlCnqEu92Fr1MmEU9fBBc4.woff2","15920","B019538234514166EC7665359D097403358F8A4C991901983922FB4D56989F1E"
"fonts\KFOlCnqEu92Fr1MmEU9fBxc4EsA.woff2","7016","713780D8B30BDA5583052EA847CDCB4F2956C2AC5FF38A7E538BA8F14AD1043E"
"fonts\KFOlCnqEu92Fr1MmEU9fCBc4EsA.woff2","1500","EF8F0236A7E8B46BC9D642ECF4AB0CB7BAD7C4182108612CE8F4FB1E2D570B40"
"fonts\KFOlCnqEu92Fr1MmEU9fChc4EsA.woff2","11800","7F1C829B0C90FD664A03BB714A74F7D35D9E38EE1687104ABC8AD5BD9C8CCB6C"
"fonts\KFOlCnqEu92Fr1MmEU9fCRc4EsA.woff2","14968","AEED0E51B0BAC7C89E5C7E6CF086D7E03BAE03DF2390528A6F8A66A93E130D80"
"fonts\KFOlCnqEu92Fr1MmEU9fCxc4EsA.woff2","5604","0948409A22B5979AA7E1EC20DA9E61F12E7D403800B541ECE053881BD2542B70"
"fonts\KFOlCnqEu92Fr1MmSU5fABc4EsA.woff2","9576","47AA3BFAD6CB9E2D63ABDD58F4E6CE4F7B9FD2704B2B15193C71874035FE025D"
"fonts\KFOlCnqEu92Fr1MmSU5fBBc4.woff2","15740","F75911313E1C7802C23345AB57E754D87801581706780C993FB23FF4E0FE62EF"
"fonts\KFOlCnqEu92Fr1MmSU5fBxc4EsA.woff2","7120","455C2C1AF0A2BF20047A1864D7D7C174983407B58465CDB000B9C47565F9EE3B"
"fonts\KFOlCnqEu92Fr1MmSU5fCBc4EsA.woff2","1480","20DC200CC43AB904876FB0C1697EBE398DA40F6769C3DFA35ED51C7E2A0656D5"
"fonts\KFOlCnqEu92Fr1MmSU5fChc4EsA.woff2","11796","B076E86301CBEE8C5C9AEF51863A9C0A88E6F6D2AABDFFCA93E031113C6CAA74"
"fonts\KFOlCnqEu92Fr1MmSU5fCRc4EsA.woff2","15000","435E4B7F9F250D9D9243D4754799FC96FF3E648EB113FAD1D15FBCF7EAAE70C0"
"fonts\KFOlCnqEu92Fr1MmSU5fCxc4EsA.woff2","5468","51F3F41805329FB8341BEB56DED833EAE6C7A8A1A0A1D7E78960E1390FE928B6"
"fonts\KFOlCnqEu92Fr1MmWUlfABc4EsA.woff2","9644","6A84EEEE6A25E7C9A8A03191007A6720566B5A2AA2384D36168FB07F49E97E9E"
"fonts\KFOlCnqEu92Fr1MmWUlfBBc4.woff2","15860","F5AEBDFEA35D1E7656EF4ACC5DB1F243209755AE3300943EF8FC6280F363C860"
"fonts\KFOlCnqEu92Fr1MmWUlfBxc4EsA.woff2","6936","1C9CC76FD52238330F0AABAC35ACD2CAC0F04B7890862E61E013EBBB8513FB5B"
"fonts\KFOlCnqEu92Fr1MmWUlfCBc4EsA.woff2","1432","5B6377DA4C959DB6D4B22738A27F1BEE3D443F4148A680B25CDA48D30F3C0532"
"fonts\KFOlCnqEu92Fr1MmWUlfChc4EsA.woff2","11824","FC66F942651A9FE1A598770D3D896529DCD7A03D02F40655451513093103E61B"
"fonts\KFOlCnqEu92Fr1MmWUlfCRc4EsA.woff2","14684","3C505383D37D2078648E37868BBD1FADF64A1C92DAD2E03FFF532FFA84E7635B"
"fonts\KFOlCnqEu92Fr1MmWUlfCxc4EsA.woff2","5548","4EC57F2A80B91090971B83970230CA09AB3568C5F5B224896CA9AA6180A76AA9"
"fonts\KFOlCnqEu92Fr1MmYUtfABc4EsA.woff2","9700","9FDB12CEEE3A402D3A54AFE354552459DD3950E9C6DECE06288E4CC0A7A7C060"
"fonts\KFOlCnqEu92Fr1MmYUtfBBc4.woff2","15752","7E262106F82CC52663E403F5B73795BBEAB9CA0630C33C03579354FBCD4FAE1E"
"fonts\KFOlCnqEu92Fr1MmYUtfBxc4EsA.woff2","7040","2550C2E2D8495C3ED2D4D52F824374F1D65E13FE1E159ED01AE6CBA9EBC2323F"
"fonts\KFOlCnqEu92Fr1MmYUtfCBc4EsA.woff2","1464","76DA333AB59C6D625CABFB0768F82B4AC1DD8FBD75B8EA8760E99C3D8AFA219C"
"fonts\KFOlCnqEu92Fr1MmYUtfChc4EsA.woff2","11756","2781E9E7C3F369B8FC7965E679B17B60B5B11EAAE5DA1E5045107BBDD9D568F0"
"fonts\KFOlCnqEu92Fr1MmYUtfCRc4EsA.woff2","14856","F265CEE675C0E5B2D6AB263D0EDCC754F50CD43DAF39CBC0CB9FDDE6B4325D72"
"fonts\KFOlCnqEu92Fr1MmYUtfCxc4EsA.woff2","5468","3A38C967413F7BCE36D3BAEFC321AADE81EDF369E6A99DC32D911550148F636F"
"fonts\KFOmCnqEu92Fr1Mu4mxK.woff2","15744","F6734F8177112C0839B961F96D813FCB189D81B60E96C33278C1983B6F419615"
"fonts\KFOmCnqEu92Fr1Mu4WxKOzY.woff2","7112","DAF51AB540602B2D0B87646621637BAC38889BB34EFFB8A432AE739ACA78B5C0"
"fonts\KFOmCnqEu92Fr1Mu5mxKOzY.woff2","9628","495D38D4B9741E8AA4204002414069E2D8DB9F3C60B60E195E4D74381462DEE9"
"fonts\KFOmCnqEu92Fr1Mu72xKOzY.woff2","15344","B7EF2CD1159A8CBFD271FF2ABE07F237A46F6FA056EEFD2E9018661F93EEA137"
"fonts\KFOmCnqEu92Fr1Mu7GxKOzY.woff2","11872","3C23EB02DE6B34E30F18CFB7167ABD81A2CEDFD1DA60DFCB71989517AB3FB431"
"fonts\KFOmCnqEu92Fr1Mu7mxKOzY.woff2","1484","D368CF5BED7856DBAFA2AF36B51ACB9C3E028689ECA4495FED5F28388CEC60BA"
"fonts\KFOmCnqEu92Fr1Mu7WxKOzY.woff2","5560","77B24796A3D4AB521F66765651875338ED50CB9306CFE4603A3E79618E429CEC"
"fonts\memQYaGs126MiZpBA-UFUIcVXSCEkx2cmqvXlWq8tWZ0Pw86hd0Rk_RkWV0ewJER.woff2","19516","1ACF096CA980E5CF88F0CAAB212D67591645499D16AFAE9BEF6AA4688BAF4F47"
"fonts\memQYaGs126MiZpBA-UFUIcVXSCEkx2cmqvXlWq8tWZ0Pw86hd0Rk_RkWV4ewJER.woff2","15976","501CFFAE84520DA5435782FDD586E8ABB6624366C73567D52AE371C5664AF4DB"
"fonts\memQYaGs126MiZpBA-UFUIcVXSCEkx2cmqvXlWq8tWZ0Pw86hd0Rk_RkWV8ewJER.woff2","8796","8DA35AB9F5AAE5A554AD5622FC53083FD4E4452CE8DDD6A96D626EA3DA3E4253"
"fonts\memQYaGs126MiZpBA-UFUIcVXSCEkx2cmqvXlWq8tWZ0Pw86hd0Rk_RkWVAewA.woff2","19396","CBEC3FC2EFBADDFC1D679D4E7EDC11CCF6F5341DBA51E86FCD0ECD14C401909F"
"fonts\memQYaGs126MiZpBA-UFUIcVXSCEkx2cmqvXlWq8tWZ0Pw86hd0Rk_RkWVIewJER.woff2","8060","ADA782C4887B1E0D935A9DCC11D34558EFF6B2BC0648B458626FB0C8F0D9B2ED"
"fonts\memQYaGs126MiZpBA-UFUIcVXSCEkx2cmqvXlWq8tWZ0Pw86hd0Rk_RkWVMewJER.woff2","9832","35948C0E5A59F59B8AD5299B16C083273B44A69CDFA50D370F28DF7D64C0C173"
"fonts\memQYaGs126MiZpBA-UFUIcVXSCEkx2cmqvXlWq8tWZ0Pw86hd0Rk_RkWVQewJER.woff2","12756","2F83B0424DAD0FF3C880637CB02012420BDFD8B3E24EC3E44E6BBF6C1EC7D3C3"
"fonts\memQYaGs126MiZpBA-UFUIcVXSCEkx2cmqvXlWq8tWZ0Pw86hd0Rk_RkWVwewJER.woff2","3896","F59D424DE261D18225333D168435CC4B77D1666EC19715306215E836AF814706"
"fonts\memQYaGs126MiZpBA-UFUIcVXSCEkx2cmqvXlWq8tWZ0Pw86hd0Rk0ZjWV0ewJER.woff2","18448","2B87AD97F937388EF14B4C30B8B5F5197F171C52B17C5D4A08536DEC34E06731"
"fonts\memQYaGs126MiZpBA-UFUIcVXSCEkx2cmqvXlWq8tWZ0Pw86hd0Rk0ZjWV4ewJER.woff2","15472","5778AD9F530707286C99267CEA046A42C9D93CC44BC5265259CEE1325E9428E1"
"fonts\memQYaGs126MiZpBA-UFUIcVXSCEkx2cmqvXlWq8tWZ0Pw86hd0Rk0ZjWV8ewJER.woff2","8628","5B2BFD1A5887C467E3039E0DC350EC6CC5FD35C739015FC8C32B8ECB34FB491E"
"fonts\memQYaGs126MiZpBA-UFUIcVXSCEkx2cmqvXlWq8tWZ0Pw86hd0Rk0ZjWVAewA.woff2","19076","935955A876347DF81E175A2E088796C3E60F5531D867D50298CCB9EAF555B582"
"fonts\memQYaGs126MiZpBA-UFUIcVXSCEkx2cmqvXlWq8tWZ0Pw86hd0Rk0ZjWVIewJER.woff2","7968","33D484E34DE11E4F9DE8D9FA70BF62EB1CC82CD78F4DA2FD5F127FFD918C3F34"
"fonts\memQYaGs126MiZpBA-UFUIcVXSCEkx2cmqvXlWq8tWZ0Pw86hd0Rk0ZjWVMewJER.woff2","9752","FE80B739022A0D415B31F6A11BE1771CA8ED361102AA1E2A8DE1790AF53D97B2"
"fonts\memQYaGs126MiZpBA-UFUIcVXSCEkx2cmqvXlWq8tWZ0Pw86hd0Rk0ZjWVQewJER.woff2","12316","446D56DFF9DB36A2DACD32227E834A22F116C75B51036E70EBABD3B832162168"
"fonts\memQYaGs126MiZpBA-UFUIcVXSCEkx2cmqvXlWq8tWZ0Pw86hd0Rk0ZjWVwewJER.woff2","3932","7A41E9DCE61EBE2767B3E1685919BCA6D38D24B23FA8A2CC12DE41067DAE8597"
"fonts\memQYaGs126MiZpBA-UFUIcVXSCEkx2cmqvXlWq8tWZ0Pw86hd0Rk5hkWV0ewJER.woff2","19380","9BE05143668801B6559190FE4E09B97F4B44441AEA483AC72A0B5A5E3CB11841"
"fonts\memQYaGs126MiZpBA-UFUIcVXSCEkx2cmqvXlWq8tWZ0Pw86hd0Rk5hkWV4ewJER.woff2","15804","F91879B8FA64E90E39CBF00FCC1AB185293671F941BF3AAAFE981B3E0997CA48"
"fonts\memQYaGs126MiZpBA-UFUIcVXSCEkx2cmqvXlWq8tWZ0Pw86hd0Rk5hkWV8ewJER.woff2","8704","1690EEB78305681D6621DB3975E5459C53F8311ED9E4B7EA0E47FF5A464ED56D"
"fonts\memQYaGs126MiZpBA-UFUIcVXSCEkx2cmqvXlWq8tWZ0Pw86hd0Rk5hkWVAewA.woff2","19280","F52A120841562A7B5920D038AB9AEE9F1CB48F52028A2C5B918B6B9BA760CF8D"
"fonts\memQYaGs126MiZpBA-UFUIcVXSCEkx2cmqvXlWq8tWZ0Pw86hd0Rk5hkWVIewJER.woff2","8052","1F5CDCC3F9A1469C11F2C6A0FB18EF8A281912442A916516284EFD1851D79E05"
"fonts\memQYaGs126MiZpBA-UFUIcVXSCEkx2cmqvXlWq8tWZ0Pw86hd0Rk5hkWVMewJER.woff2","9760","6C4CC1EB69CB55596A1A34F6D48FBC355B62E2792A949CB764FCF817A8DC0D12"
"fonts\memQYaGs126MiZpBA-UFUIcVXSCEkx2cmqvXlWq8tWZ0Pw86hd0Rk5hkWVQewJER.woff2","12592","3872D82765A9F484E34A53EDA491210A9E1D0BFE6B1B46A0F52FD11709C41820"
"fonts\memQYaGs126MiZpBA-UFUIcVXSCEkx2cmqvXlWq8tWZ0Pw86hd0Rk5hkWVwewJER.woff2","3932","21B84E910F0ABB88502E2262745110BF41034CE47F9B473BA0C8F9C5A29FD482"
"fonts\memQYaGs126MiZpBA-UFUIcVXSCEkx2cmqvXlWq8tWZ0Pw86hd0Rk8ZkWV0ewJER.woff2","19352","3CC5AF94B9ABD04D6DC94B1E90451B329EE43CD3EBA56F6159D58D0D1FC20B93"
"fonts\memQYaGs126MiZpBA-UFUIcVXSCEkx2cmqvXlWq8tWZ0Pw86hd0Rk8ZkWV4ewJER.woff2","15788","913A5B99909C67F8F2430040D11C1D228F72F3AA1373D16C3E4EFAFABC9BA63F"
"fonts\memQYaGs126MiZpBA-UFUIcVXSCEkx2cmqvXlWq8tWZ0Pw86hd0Rk8ZkWV8ewJER.woff2","8764","B549FBEAF49E80B410009937C81ED0C6EBA12DBF0AA31116705D5D5A816241B3"
"fonts\memQYaGs126MiZpBA-UFUIcVXSCEkx2cmqvXlWq8tWZ0Pw86hd0Rk8ZkWVAewA.woff2","19308","883BD0F053CDE78238A0881291E4B6647ACD9B3FA73808DB5AC83D286BB4B44E"
"fonts\memQYaGs126MiZpBA-UFUIcVXSCEkx2cmqvXlWq8tWZ0Pw86hd0Rk8ZkWVIewJER.woff2","8068","C3E6A4352678B95AF98168008BA9B62213D2486AF5F438C668734A042E245A10"
"fonts\memQYaGs126MiZpBA-UFUIcVXSCEkx2cmqvXlWq8tWZ0Pw86hd0Rk8ZkWVMewJER.woff2","9848","A269FC3649FFEA9A19FBD3822287653A9806561390A0DE1883D1B082EC42A668"
"fonts\memQYaGs126MiZpBA-UFUIcVXSCEkx2cmqvXlWq8tWZ0Pw86hd0Rk8ZkWVQewJER.woff2","12620","DA4841CC3BA7CBC1AB6F5E8F0424F59F554672135E73AD035AAB8BCF77D38466"
"fonts\memQYaGs126MiZpBA-UFUIcVXSCEkx2cmqvXlWq8tWZ0Pw86hd0Rk8ZkWVwewJER.woff2","3900","1DA07ACB8D6AE2EE04D20C33CBA3C4391F849E9B7BED122066C6878937E3313F"
"fonts\memQYaGs126MiZpBA-UFUIcVXSCEkx2cmqvXlWq8tWZ0Pw86hd0RkxhjWV0ewJER.woff2","19416","CA139A4F88E16BF2B5B31676D2CC7AE633E38F8CC0EBE770F83FA778CC32BC80"
"fonts\memQYaGs126MiZpBA-UFUIcVXSCEkx2cmqvXlWq8tWZ0Pw86hd0RkxhjWV4ewJER.woff2","15800","7BA947A58DD759353038AADEF8A260264CCBA2DFFBC4C6A1D568B14AB3142C4F"
"fonts\memQYaGs126MiZpBA-UFUIcVXSCEkx2cmqvXlWq8tWZ0Pw86hd0RkxhjWV8ewJER.woff2","8720","C48B9416DC827E3E73652A719656057B8BE731F666DD77C58E6DD16E5D1A0F30"
"fonts\memQYaGs126MiZpBA-UFUIcVXSCEkx2cmqvXlWq8tWZ0Pw86hd0RkxhjWVAewA.woff2","19276","42E6B1ED43DD2E3D8DAEA500AB2175BFE9BB7B049173BF8876E69CF5EB07B538"
"fonts\memQYaGs126MiZpBA-UFUIcVXSCEkx2cmqvXlWq8tWZ0Pw86hd0RkxhjWVIewJER.woff2","8072","16420CCB1A012F49F76AAD9E667E9CC747315F61D5CE2FBA82F7C13F3B1A2548"
"fonts\memQYaGs126MiZpBA-UFUIcVXSCEkx2cmqvXlWq8tWZ0Pw86hd0RkxhjWVMewJER.woff2","9828","73C29688232D86E41B4D3038D41F460BB4F96986603F7071EE735ADF6F733B3C"
"fonts\memQYaGs126MiZpBA-UFUIcVXSCEkx2cmqvXlWq8tWZ0Pw86hd0RkxhjWVQewJER.woff2","12692","CA80134612D3FB441B0E2A8CD39FFE43475E1C2F55077F1FD856118D3AE4C679"
"fonts\memQYaGs126MiZpBA-UFUIcVXSCEkx2cmqvXlWq8tWZ0Pw86hd0RkxhjWVwewJER.woff2","3948","E62DEFA25D9C1229A45A595C9E58C52E95A25823E34006C1E6198E943EB7CF64"
"fonts\memQYaGs126MiZpBA-UFUIcVXSCEkx2cmqvXlWq8tWZ0Pw86hd0RkyFjWV0ewJER.woff2","18584","04BFA9FF5D240CD49DA7FA21ACF27F7C7C4732442C12DFC0A89D7CBF65F99A30"
"fonts\memQYaGs126MiZpBA-UFUIcVXSCEkx2cmqvXlWq8tWZ0Pw86hd0RkyFjWV4ewJER.woff2","15304","7E3B9A58A4ED5194226CDD46D9C76DFC70886BBE3B4696F58A94ED5F30E8139B"
"fonts\memQYaGs126MiZpBA-UFUIcVXSCEkx2cmqvXlWq8tWZ0Pw86hd0RkyFjWV8ewJER.woff2","8596","47405F99877BCACEE23B41BAC4834278119AA5431D925A7283A935B5CEA0BB9E"
"fonts\memQYaGs126MiZpBA-UFUIcVXSCEkx2cmqvXlWq8tWZ0Pw86hd0RkyFjWVAewA.woff2","18860","71E6FB45A0C238F3FBAB610B3FD3CAD9D25031A12D908D72F4C2AE3F3D6B4699"
"fonts\memQYaGs126MiZpBA-UFUIcVXSCEkx2cmqvXlWq8tWZ0Pw86hd0RkyFjWVIewJER.woff2","8036","3021FC68A745E7ED491A5312D311CD5C17E61A080FCF79C9A36A617776E94069"
"fonts\memQYaGs126MiZpBA-UFUIcVXSCEkx2cmqvXlWq8tWZ0Pw86hd0RkyFjWVMewJER.woff2","9836","B795EA7BBC3308FAE192E15304C8E9FF3DACB687012D73C946B78E54AD1971E7"
"fonts\memQYaGs126MiZpBA-UFUIcVXSCEkx2cmqvXlWq8tWZ0Pw86hd0RkyFjWVQewJER.woff2","12388","B6CABB06F8AEAB5023D731B6499DE175E170747D29643726D9ED47667B50938D"
"fonts\memQYaGs126MiZpBA-UFUIcVXSCEkx2cmqvXlWq8tWZ0Pw86hd0RkyFjWVwewJER.woff2","3908","AE0F0D2F8E5888C08A08517D0950FD5BB9372D15FD34616367943E0C1C1E78F6"
"fonts\memSYaGs126MiZpBA-UvWbX2vVnXBbObj2OVZyOOSr4dVJWUgsg-1x4gaVI.woff2","18232","023CF8B8A67FE94BCEF10D2A02505F939FE00978A20638CC40DE1D7842B3521C"
"fonts\memSYaGs126MiZpBA-UvWbX2vVnXBbObj2OVZyOOSr4dVJWUgsg-1x4iaVIGxA.woff2","7764","41E60DFEF3E8BB73D809002CB620B92AB080B04A45D0096B2B0164A6AB7982DD"
"fonts\memSYaGs126MiZpBA-UvWbX2vVnXBbObj2OVZyOOSr4dVJWUgsg-1x4jaVIGxA.woff2","9236","A706C1F029B3860356429E17ED58C1F57B84BD5150B206EB5821103963885B18"
"fonts\memSYaGs126MiZpBA-UvWbX2vVnXBbObj2OVZyOOSr4dVJWUgsg-1x4kaVIGxA.woff2","10872","724BA0966F09CCB056C81D08C1980A5171F1DBF804D3C85F8864745BEA75AE1E"
"fonts\memSYaGs126MiZpBA-UvWbX2vVnXBbObj2OVZyOOSr4dVJWUgsg-1x4saVIGxA.woff2","3768","C0ECF2CD9F0B3A9982AD15C168B13DF29485FCBFB97F8F86EACA8AF06FF4DE16"
"fonts\memSYaGs126MiZpBA-UvWbX2vVnXBbObj2OVZyOOSr4dVJWUgsg-1x4taVIGxA.woff2","17564","15B25332DB0EBA85DEC786CF82D021048B334B6A98ADAF88783091807FC27C03"
"fonts\memSYaGs126MiZpBA-UvWbX2vVnXBbObj2OVZyOOSr4dVJWUgsg-1x4uaVIGxA.woff2","14984","D1969C766289AB8EFDB34525231DAB9A57293762855EC3C06978E8C560618661"
"fonts\memSYaGs126MiZpBA-UvWbX2vVnXBbObj2OVZyOOSr4dVJWUgsg-1x4vaVIGxA.woff2","8512","E46687279D2818C1D1F7CF14C71380B73EF3C952971B8E5C4979D7D28809912A"
"fonts\memSYaGs126MiZpBA-UvWbX2vVnXBbObj2OVZyOOSr4dVJWUgsgH1x4gaVI.woff2","18628","752AC7B6A1D83373E07AF1EE17B3A0E4A304E9B9304B55E49D93C7AB6A1C394E"
"fonts\memSYaGs126MiZpBA-UvWbX2vVnXBbObj2OVZyOOSr4dVJWUgsgH1x4iaVIGxA.woff2","7816","B271319A8C66ED7ECFA37B221511D5C6D405B92D830C1CDA8203DD94155F834D"
"fonts\memSYaGs126MiZpBA-UvWbX2vVnXBbObj2OVZyOOSr4dVJWUgsgH1x4jaVIGxA.woff2","9424","A96167B0A024AB5C35E745D810EC408376EBCE31CD31F7B7811E97E9B2BA0D60"
"fonts\memSYaGs126MiZpBA-UvWbX2vVnXBbObj2OVZyOOSr4dVJWUgsgH1x4kaVIGxA.woff2","11044","6C444D599115E3671AC128E3627E371EE93001ED1ABB42073970A3EA5011101B"
"fonts\memSYaGs126MiZpBA-UvWbX2vVnXBbObj2OVZyOOSr4dVJWUgsgH1x4saVIGxA.woff2","3812","3C7FBFCC0A45D1C9444016787F563DA421BF4CED2167B4097CD8987BA9F328DA"
"fonts\memSYaGs126MiZpBA-UvWbX2vVnXBbObj2OVZyOOSr4dVJWUgsgH1x4taVIGxA.woff2","18020","FDD73400A91AF1B1955613CA1CD68A301B942E6EBFC792B2786B95E8F05543F0"
"fonts\memSYaGs126MiZpBA-UvWbX2vVnXBbObj2OVZyOOSr4dVJWUgsgH1x4uaVIGxA.woff2","15236","F3B28B30DDD1BFD13C708C24242D4A9B0324945907168230A371CFFE285E6D23"
"fonts\memSYaGs126MiZpBA-UvWbX2vVnXBbObj2OVZyOOSr4dVJWUgsgH1x4vaVIGxA.woff2","8652","F2B4DACB98DBDF1F1B5C47E1D20EE036252694BDAEE72387647CE77B687DB105"
"fonts\memSYaGs126MiZpBA-UvWbX2vVnXBbObj2OVZyOOSr4dVJWUgshZ1x4gaVI.woff2","18628","AF5A9628858B383C6257068C476C25B5A8A6421B686A349A828C47F526E7F877"
"fonts\memSYaGs126MiZpBA-UvWbX2vVnXBbObj2OVZyOOSr4dVJWUgshZ1x4iaVIGxA.woff2","7544","90198A1179D08C562E2C809801631768B1F07CEC5061CC2AF3D0A2EE52D510BB"
"fonts\memSYaGs126MiZpBA-UvWbX2vVnXBbObj2OVZyOOSr4dVJWUgshZ1x4jaVIGxA.woff2","9260","51FDE8501ED3BFDC3071ADF53E14945AD426858820FF489D83820AEAC564C87F"
"fonts\memSYaGs126MiZpBA-UvWbX2vVnXBbObj2OVZyOOSr4dVJWUgshZ1x4kaVIGxA.woff2","10880","D3E7940BBF1BCF558B61AED9742D7820BAB83452075FE1418BA6C8DB0C700A87"
"fonts\memSYaGs126MiZpBA-UvWbX2vVnXBbObj2OVZyOOSr4dVJWUgshZ1x4saVIGxA.woff2","3776","1CF79159249E5904F2D6E0CC5C7EA7A6EC6D5360F8B307A2EB66867D004EEA01"
"fonts\memSYaGs126MiZpBA-UvWbX2vVnXBbObj2OVZyOOSr4dVJWUgshZ1x4taVIGxA.woff2","17268","FBD64E2E5B39FFD695CF17839EA8F7D59CA9D1FD9748905DA24E96C4D0E9307D"
"fonts\memSYaGs126MiZpBA-UvWbX2vVnXBbObj2OVZyOOSr4dVJWUgshZ1x4uaVIGxA.woff2","15248","1CF6A3EE3147ED3D7DEA07AD0A3D1C2EBD0791535FB3B4F5CE2ED6818247C7DF"
"fonts\memSYaGs126MiZpBA-UvWbX2vVnXBbObj2OVZyOOSr4dVJWUgshZ1x4vaVIGxA.woff2","8608","4C66EC127A2D3AD4FA2CC879667B58315FDBEE7E2343CB529B77314C44856D18"
"fonts\memSYaGs126MiZpBA-UvWbX2vVnXBbObj2OVZyOOSr4dVJWUgsiH0B4gaVI.woff2","18656","E88F421B2498FD4FF75EEB6DF1D0E8B5E1F038007350AD968D4F258CBE50A02C"
"fonts\memSYaGs126MiZpBA-UvWbX2vVnXBbObj2OVZyOOSr4dVJWUgsiH0B4iaVIGxA.woff2","7724","884E588FA84123321FE9024F861BFAFAB6054D33DAC956551E28D2BC18FED51E"
"fonts\memSYaGs126MiZpBA-UvWbX2vVnXBbObj2OVZyOOSr4dVJWUgsiH0B4jaVIGxA.woff2","9316","A8574DB49BC77AF4EFDDF187EFB4F6230D92D711CB63E74F725FD12A0BC2AA9F"
"fonts\memSYaGs126MiZpBA-UvWbX2vVnXBbObj2OVZyOOSr4dVJWUgsiH0B4kaVIGxA.woff2","10996","B1D57D9B193D8DE86D75352646EA1CDF755E7629F9124903E7525F6919135C74"
"fonts\memSYaGs126MiZpBA-UvWbX2vVnXBbObj2OVZyOOSr4dVJWUgsiH0B4saVIGxA.woff2","3756","2CFDC924C64A70C95EAB3842AA0A5670824B2AAFDA0948D81074292CB00C98E6"
"fonts\memSYaGs126MiZpBA-UvWbX2vVnXBbObj2OVZyOOSr4dVJWUgsiH0B4taVIGxA.woff2","17920","5E67C4A894A0F30AFEC7ACBCAC3E4931D60047D890C7927CE74AA278CC389AE0"
"fonts\memSYaGs126MiZpBA-UvWbX2vVnXBbObj2OVZyOOSr4dVJWUgsiH0B4uaVIGxA.woff2","15240","BE9536325D2CE95AF62552FF066FEBB6FF84F9C6ABBEA52F89BA05CC6D184043"
"fonts\memSYaGs126MiZpBA-UvWbX2vVnXBbObj2OVZyOOSr4dVJWUgsiH0B4vaVIGxA.woff2","8620","C9186C5D126009028F5E847E5C571F4D0C3AC890E204A90DB20FFE81CDDE09CA"
"fonts\memSYaGs126MiZpBA-UvWbX2vVnXBbObj2OVZyOOSr4dVJWUgsjr0B4gaVI.woff2","18740","55D6F41FD18BCAA57AFB4EDBC8E4465E792FEDC842111C787AD52BFB82231693"
"fonts\memSYaGs126MiZpBA-UvWbX2vVnXBbObj2OVZyOOSr4dVJWUgsjr0B4iaVIGxA.woff2","7836","2D5E1618B431F9897600D1E49CFF9FF1367C9795E648FEA439ED87B0CEBD88B6"
"fonts\memSYaGs126MiZpBA-UvWbX2vVnXBbObj2OVZyOOSr4dVJWUgsjr0B4jaVIGxA.woff2","9344","743552F52582E93DAF75CB202262B1F6C9CF205A84D12C07966F139DFB9B18A1"
"fonts\memSYaGs126MiZpBA-UvWbX2vVnXBbObj2OVZyOOSr4dVJWUgsjr0B4kaVIGxA.woff2","11032","8FA315913411C71F32FE1F025B78D6E947452EFE9C492EF84283C4ECED14A9FA"
"fonts\memSYaGs126MiZpBA-UvWbX2vVnXBbObj2OVZyOOSr4dVJWUgsjr0B4saVIGxA.woff2","3772","96A2965C9F48B7E414565833A09CE8A3C70679FD8B4375BD2A2899610CDC3646"
"fonts\memSYaGs126MiZpBA-UvWbX2vVnXBbObj2OVZyOOSr4dVJWUgsjr0B4taVIGxA.woff2","18036","D383CC3740412931968731112DEF2F97809E9CD217440BE55252C3A39B9339AA"
"fonts\memSYaGs126MiZpBA-UvWbX2vVnXBbObj2OVZyOOSr4dVJWUgsjr0B4uaVIGxA.woff2","15348","20BEFFFD863C240E6A744DEF7FB9A768870C701C1DEEAF13A5EDE94B9451E744"
"fonts\memSYaGs126MiZpBA-UvWbX2vVnXBbObj2OVZyOOSr4dVJWUgsjr0B4vaVIGxA.woff2","8624","5D15874171944F979FA4A4F62E4E9AF966039219140A36A465189C68EB1F018A"
"fonts\memSYaGs126MiZpBA-UvWbX2vVnXBbObj2OVZyOOSr4dVJWUgsjZ0B4gaVI.woff2","18664","441E23601FE7525A142857C98CBB2784997579D51A17F736D7964DCEEE609709"
"fonts\memSYaGs126MiZpBA-UvWbX2vVnXBbObj2OVZyOOSr4dVJWUgsjZ0B4iaVIGxA.woff2","7724","8F8C0FD411B13AEA0ECB3307BD55361AEEF6DCC26C844900B07344F4EFE88C56"
"fonts\memSYaGs126MiZpBA-UvWbX2vVnXBbObj2OVZyOOSr4dVJWUgsjZ0B4jaVIGxA.woff2","9388","258C82612DC0E5A8DC1E7042A2E7EB7DBE544B04AFC591F2B7B37C96CECB3F99"
"fonts\memSYaGs126MiZpBA-UvWbX2vVnXBbObj2OVZyOOSr4dVJWUgsjZ0B4kaVIGxA.woff2","11084","18C72B42C630259E7F589C515F8CF986F14DC6F4CB1B75C92042C68D47A7F79F"
"fonts\memSYaGs126MiZpBA-UvWbX2vVnXBbObj2OVZyOOSr4dVJWUgsjZ0B4saVIGxA.woff2","3768","ED66831656220A0A8594EF1D796F88BC5CBE3452B7DA36785831B0336D9D3A64"
"fonts\memSYaGs126MiZpBA-UvWbX2vVnXBbObj2OVZyOOSr4dVJWUgsjZ0B4taVIGxA.woff2","17944","1D9563ED913D6B2E9884A9EA51D27B30CCC76E688D56CA6837D779B849E15939"
"fonts\memSYaGs126MiZpBA-UvWbX2vVnXBbObj2OVZyOOSr4dVJWUgsjZ0B4uaVIGxA.woff2","15296","439DB95FD72EACF019F9A0CD934C5CD77866206F7E50ED358B3322A0260D96A9"
"fonts\memSYaGs126MiZpBA-UvWbX2vVnXBbObj2OVZyOOSr4dVJWUgsjZ0B4vaVIGxA.woff2","8692","984B36638622206BECECEFD75641ED6C9A8BCF92F8197EDBB0731B5F47D5C91A"
"fonts\TK3_WkUHHAIjg75cFRf3bXL8LICs1_FvsUhiZTaR.woff2","8064","724067D31E2704BBF38F35DE697366B2941A411CCA12B104413B7977D0E71A5E"
"fonts\TK3_WkUHHAIjg75cFRf3bXL8LICs1_FvsUJiZTaR.woff2","5804","2EEA6522648A0EFE79473DDF2B6D98680B4ABB1933CBB7377AB62E16B0D99EC3"
"fonts\TK3_WkUHHAIjg75cFRf3bXL8LICs1_FvsUliZTaR.woff2","2852","B09D99240E1B9844D3C4DA110B664B6CB305FF1D554FA81098C1909260795D84"
"fonts\TK3_WkUHHAIjg75cFRf3bXL8LICs1_FvsUtiZTaR.woff2","1812","032059454706570252141A86206FAB22C779EFA06FEF89323B33847BCE831017"
"fonts\TK3_WkUHHAIjg75cFRf3bXL8LICs1_FvsUZiZQ.woff2","9840","81CD29D1413ECF75834FB3CE1DA572FE5C39E53B22C61F5DAFEC5B14ED4EE12E"
"fonts\TK3_WkUHHAIjg75cFRf3bXL8LICs13FvsUhiZTaR.woff2","8208","545378B0C0A5E3DB71090865B1EFA43131CD557E8EAFE577BC84A8825BF14333"
"fonts\TK3_WkUHHAIjg75cFRf3bXL8LICs13FvsUJiZTaR.woff2","5820","BC677002F1E9E10F6AFC3BF2ECBD6C72DA0F0D294B40D7AC62EEA47B57F22CBD"
"fonts\TK3_WkUHHAIjg75cFRf3bXL8LICs13FvsUliZTaR.woff2","2840","903A1FDFEC12896186B442AA3841DAF768DF046AC207210D070AF647E94AE6A5"
"fonts\TK3_WkUHHAIjg75cFRf3bXL8LICs13FvsUtiZTaR.woff2","1788","CD716D3F8D183AE673088481AEDC654F1796AA663033B85B4B8F176757ABEBBA"
"fonts\TK3_WkUHHAIjg75cFRf3bXL8LICs13FvsUZiZQ.woff2","10032","43E57B8CFA59118E403220DFF0F863328D20D17B8741C77D500842527B440CC4"
"fonts\TK3_WkUHHAIjg75cFRf3bXL8LICs169vsUhiZTaR.woff2","8256","38D66966B4AE872DD57FB58A92E8F4D8D9CB99E6F78AFAB832140585C424FEE3"
"fonts\TK3_WkUHHAIjg75cFRf3bXL8LICs169vsUJiZTaR.woff2","5864","F5F243D86EDF7850B490216B272E997E7CF4A177363F992AB7F82F33D56C1F42"
"fonts\TK3_WkUHHAIjg75cFRf3bXL8LICs169vsUliZTaR.woff2","2828","6A19BEA0F19E03DAF159A4264C6C50639E9D9A2A2EB3B41AD01A4B5F3A171C4A"
"fonts\TK3_WkUHHAIjg75cFRf3bXL8LICs169vsUtiZTaR.woff2","1828","3AB4F277E29E679A917A8710C4AAEDA4449DCEA9F98F464FCE5113FDFE75B2C5"
"fonts\TK3_WkUHHAIjg75cFRf3bXL8LICs169vsUZiZQ.woff2","10104","D47BC9A324B78A4AA8324B7BDEB72515CC2CE942D5A1F8A8FCC0962A2C8FC605"
"fonts\TK3_WkUHHAIjg75cFRf3bXL8LICs18NvsUhiZTaR.woff2","8508","CF8851B03B59D8C75C5BAED881932564C5BFFC1EAC1A852E780DAAE598C244BC"
"fonts\TK3_WkUHHAIjg75cFRf3bXL8LICs18NvsUJiZTaR.woff2","5888","AD32B64EA826DEEE09C8FC086DAD1AA8897F19E2CA4F24A9CC9A81B00EB918BF"
"fonts\TK3_WkUHHAIjg75cFRf3bXL8LICs18NvsUliZTaR.woff2","2896","15923B54E24656D2E09BC9980DFA87D6540CF6A577B2E8A10701A49A29B1FB2D"
"fonts\TK3_WkUHHAIjg75cFRf3bXL8LICs18NvsUtiZTaR.woff2","1832","5E568B47B40B908A49BDA55C9C98AA1733FEFA4D04022CE9F37948484225ECFD"
"fonts\TK3_WkUHHAIjg75cFRf3bXL8LICs18NvsUZiZQ.woff2","10260","1F8CB94DC31BEFEEBEB9B93A9AB4194E8B839EDD9985D973B23514F7A6C52A0C"
"fonts\TK3_WkUHHAIjg75cFRf3bXL8LICs1xZosUhiZTaR.woff2","8484","F5500A0B8FE7DAC5491317E13D1602C805E37A4C5C4D0FF49F73897E541DF398"
"fonts\TK3_WkUHHAIjg75cFRf3bXL8LICs1xZosUJiZTaR.woff2","5856","6C298C7796B872B6CAA387178A0089923ED809B663BC5584601EC7C2182EB2BC"
"fonts\TK3_WkUHHAIjg75cFRf3bXL8LICs1xZosUliZTaR.woff2","2860","58F7234ED2B56E72654DB13FB14D3FE8942E121B8F8AE97EA8D688E6DA0A7232"
"fonts\TK3_WkUHHAIjg75cFRf3bXL8LICs1xZosUtiZTaR.woff2","1836","3D497390598DDF034440ED002811EC35E31A85132C1523E38BC9E7480D73C7F7"
"fonts\TK3_WkUHHAIjg75cFRf3bXL8LICs1xZosUZiZQ.woff2","10172","6E059F38D9D643CD149FA02DFD97D6844F9B106198E027F55E2FE1E9A1428ACF"
"fonts\TK3_WkUHHAIjg75cFRf3bXL8LICs1y9osUhiZTaR.woff2","8536","12E628237B3B24114B6A251A6D4B282401BE56ECD83C88E13709747BC0F74881"
"fonts\TK3_WkUHHAIjg75cFRf3bXL8LICs1y9osUJiZTaR.woff2","5880","3E1C02B83C1EEBFF28204351DD309C9923186532C6859CAE15FF376E50FF6AA2"
"fonts\TK3_WkUHHAIjg75cFRf3bXL8LICs1y9osUliZTaR.woff2","2872","30ED96A9258BF87CEAA315AEBFBA36152277F81ECECF69BA069901856BE61802"
"fonts\TK3_WkUHHAIjg75cFRf3bXL8LICs1y9osUtiZTaR.woff2","1856","2115388739F144249763AAD84A3FA87399A9D778CE1872A8E8175D8991771E33"
"fonts\TK3_WkUHHAIjg75cFRf3bXL8LICs1y9osUZiZQ.woff2","10276","3E32984AEFEEA2B4A7BCBD0405129391503DCB298FCC0E354794F3BAF0DDD26F"
"images\47d7756114946d5b248ea4d0a800b2c9c567ede17fd0166a6c45a240e32a0a0559259eae6f030afffc3cea88fde0ecdc613f5ebc397b0fec754ba0_1280.jpg","228936","F3A0837E1539E2157A77C615BE4979207C6611BD82668C41238466D9A97B95FA"
"images\88ac0181f6edab94e4122be23d82bec04dbe563dc5e5c27153909b18ad3af90f9ea3267b406cea032adbae052105ace103e07c18ae64e1a35ab7e6_1280.jpg","410275","AFC6C5FBB506172E3E85DB6FDE7FEC53316AAEFDEA1227A1175E246CF688CF36"
"images\Argoteck.png","5552","078AF35D98AAE669AECC047260CACDC97F345C5E555008773D6D05B5BA39A609"
"images\avio.jpg","662388","70FCAE67F8590F06A154E5A31EB826CDBABAD6C357B39C78EAA4FCAAF1DC3DC8"
"images\Capturadetela2023-06-11144132.png","948190","6AFBD901CE1383788F8B1BDD25973FEDB3B7525F74D7631AC9EBFDA4693675A9"
"images\favicon.png","34566","D2CAB1B2B5ED32E15EBCB4C14E598DCCA915A748599048109965347208751A69"
"images\fcbe013b0d4f88e22191b16b2910d590e2ceb35acad70c00142535ef5b141e7ad9153ca64706c8a3914c706557115a2b35af91c9382a5ea48790d5_1280.jpg","294078","CBEFFC36CE0F3188472AD27CD6F99EA1E825EA25B1474AF93E34BB7937A038E3"
"images\logo_1024.png","152039","4F39BCEE9972AA8AD71669C833D6CBCE0A6D6157622B22FC7D2C67A1F5C9E239"
"images\Metalcheck.png","4916","2F761DE2D1EA1F515A26260C6518767BC083FBA23C52A579641AD607CA33B538"
"images\PW.png","31874","0A0D0CA27C01BD995D85D41E5DB14E1559F8AE9C48F21862AEF1A46A5111D604"
"images\Shurka.png","19224","87E9DED755F9AC7F50022157FD6F87B2EA32CC29A658E614E62FFF5458656311"
"images\Unison.png","3099","176533A3ACD46619E543261DDD75A2F0FD7483DFFB3F6E5BEF5605DAF081D995"
"images\WhatsApp_Logo.png","45110","AF29ACFC77EAE0BA1B84FD7D7C5733C74748AE4A363D52D8EF0EECC4F1B82304"
"images\WhatsAppImage2023-06-01at15.01.16.jpeg","302681","02DAEAC824B045BD682E8017A801FC552500D01BFE6AFEDD4D04BAA754A05AA2"
"images\WhatsAppImage2023-06-01at15.02.21.jpeg","224085","3660E020116D97B44695B30E429B805490ED1E02D3A991CC626ADFC0EB5B5210"
"images\WhatsAppImage2023-06-01at15.14.49.jpeg","431813","4351E644B09757840B6068A0E8769FA80D1145D96BEE2F982F59E8FF92ADFCFB"
"images\WhatsAppImage2023-06-01at15.17.31.jpeg","227532","CCFA697D2762ED41BE99B00448EF6F839FABB7CF44EC29C1F7D8FF70E730F55A"
"images\WhatsAppImage2023-06-01at15.18.51.jpeg","217238","0BB7BA289EA4DEB2E218E554CE575F906DF260E75AB2F815A22A174173131E5E"
"images\WhatsAppImage2023-06-01at15.27.08.jpeg","171770","51663BAF6EE515A8740D42A696EDCA6D0162FA796CBBC2AC0643919A8DDB09F6"
