"Páginas principais","Cliques","Impressões","CTR","Posição"
"https://precisoutapronto.com.br/recibos/recibo-pagamento-pix","2","112","1,8%","7,0"
"https://precisoutapronto.com.br/corretor-de-redacao-enem","2","14","14,3%","8,1"
"https://precisoutapronto.com.br/proposta-comercial-mei","1","11","9,1%","5,0"
"https://precisoutapronto.com.br/orcamento-para/chaveiro","1","11","9,1%","7,4"
"https://precisoutapronto.com.br/en/tools/image-optimizer","0","203","0%","89,7"
"https://precisoutapronto.com.br/games/ferramentas/meu-pc-roda","0","72","0%","22,2"
"https://precisoutapronto.com.br/gerador-de-recibo","0","58","0%","35,5"
"https://precisoutapronto.com.br/gerador-de-proposta-comercial","0","45","0%","15,1"
"https://precisoutapronto.com.br/en/tools/compress-pdf","0","38","0%","69,8"
"https://precisoutapronto.com.br/sobre","0","37","0%","4,4"
"https://precisoutapronto.com.br/precisou-ta-pronto","0","30","0%","3,0"
"https://precisoutapronto.com.br/recibos/recibo-prestacao-de-servico","0","30","0%","51,1"
"https://precisoutapronto.com.br/calculadora-de-decimo-terceiro","0","30","0%","75,8"
"https://precisoutapronto.com.br/remover-fundo-de-imagem","0","29","0%","38,4"
"https://precisoutapronto.com.br/gerador-de-referencias-abnt","0","23","0%","41,9"
"https://precisoutapronto.com.br/imprensa","0","22","0%","4,2"
"https://precisoutapronto.com.br/embed","0","18","0%","7,0"
"https://precisoutapronto.com.br/gerador-de-curriculo","0","15","0%","2,2"
"https://precisoutapronto.com.br/en/about","0","14","0%","2,9"
"https://precisoutapronto.com.br/guias/orcamento-aprovado-tem-validade","0","14","0%","7,8"
"https://precisoutapronto.com.br/pix","0","12","0%","5,3"
"https://precisoutapronto.com.br/recibos","0","12","0%","5,8"
"https://precisoutapronto.com.br/orcamento-com-pix","0","12","0%","6,8"
"https://precisoutapronto.com.br/gerador-de-qr-code-pix","0","12","0%","7,8"
"https://precisoutapronto.com.br/guias/recibo-simples-tem-validade","0","12","0%","11,5"
"https://precisoutapronto.com.br/es/contact","0","11","0%","4,2"
"https://precisoutapronto.com.br/es/tools/receipt","0","11","0%","5,5"
"https://precisoutapronto.com.br/es/tools/pix","0","11","0%","7,7"
"https://precisoutapronto.com.br/recibo/diarista-e-domestica","0","11","0%","7,9"
"https://precisoutapronto.com.br/calculadora-de-ferias","0","11","0%","93,5"
"https://precisoutapronto.com.br/","0","10","0%","4,5"
"https://precisoutapronto.com.br/para/mei","0","10","0%","5,8"
"https://precisoutapronto.com.br/en/tools","0","10","0%","6,6"
"https://precisoutapronto.com.br/checklist-cobranca-mei","0","10","0%","6,9"
"https://precisoutapronto.com.br/orcamento-para/eletricista","0","10","0%","11,1"
"https://precisoutapronto.com.br/orcamento-para/jardinagem","0","10","0%","29,4"
"https://precisoutapronto.com.br/guias/calculo-rescisao-comum-acordo","0","10","0%","82,4"
"https://precisoutapronto.com.br/editor-de-pdf-online","0","9","0%","6,3"
"https://precisoutapronto.com.br/agenda-online","0","8","0%","13,4"
"https://precisoutapronto.com.br/dividir-pdf-online","0","8","0%","24,6"
"https://precisoutapronto.com.br/recibos/recibo-para-autonomo","0","8","0%","57,6"
"https://precisoutapronto.com.br/es/privacy","0","7","0%","4,4"
"https://precisoutapronto.com.br/gerador-de-contrato","0","7","0%","6,6"
"https://precisoutapronto.com.br/es/about","0","7","0%","7,6"
"https://precisoutapronto.com.br/autores/equipe-editorial","0","7","0%","8,3"
"https://precisoutapronto.com.br/recibo-de-pagamento","0","7","0%","36,9"
"https://precisoutapronto.com.br/calculadora-de-rescisao","0","7","0%","40,6"
"https://precisoutapronto.com.br/en/tools/split-pdf","0","7","0%","80,6"
"https://precisoutapronto.com.br/en/contact","0","6","0%","4,2"
"https://precisoutapronto.com.br/assistente/documentos","0","6","0%","4,8"
"https://precisoutapronto.com.br/contato","0","6","0%","6,0"
"https://precisoutapronto.com.br/comprimir-redimensionar-imagem","0","6","0%","6,3"
"https://precisoutapronto.com.br/guias","0","6","0%","6,8"
"https://precisoutapronto.com.br/en/privacy","0","6","0%","7,8"
"https://precisoutapronto.com.br/guias/modelo-de-orcamento-para-prestacao-de-servico","0","6","0%","12,5"
"https://precisoutapronto.com.br/recibo-de-aluguel","0","6","0%","15,7"
"https://precisoutapronto.com.br/orcamento-para/instalacao-de-piso","0","6","0%","18,3"
"https://precisoutapronto.com.br/games/hardware/processador-para-jogos","0","6","0%","25,2"
"https://precisoutapronto.com.br/games/ferramentas/custo-por-hora","0","5","0%","4,0"
"https://precisoutapronto.com.br/termos","0","5","0%","5,2"
"https://precisoutapronto.com.br/orcamento-para/vidraceiro","0","5","0%","16,8"
"https://precisoutapronto.com.br/guias/aviso-previo-proporcional-como-calcular","0","5","0%","17,0"
"https://precisoutapronto.com.br/recibo/prestacao-de-servicos","0","5","0%","19,4"
"https://precisoutapronto.com.br/calculadora-de-preco-freelancer","0","5","0%","22,8"
"https://precisoutapronto.com.br/pdf","0","4","0%","4,0"
"https://precisoutapronto.com.br/para/estudantes","0","4","0%","4,5"
"https://precisoutapronto.com.br/games/jogos/free-fire","0","4","0%","4,8"
"https://precisoutapronto.com.br/biblioteca","0","4","0%","5,3"
"https://precisoutapronto.com.br/campanhas/eletricistas-30-dias","0","4","0%","5,3"
"https://precisoutapronto.com.br/recursos","0","4","0%","6,0"
"https://precisoutapronto.com.br/games/diagnostico/suporte","0","4","0%","6,8"
"https://precisoutapronto.com.br/guias/como-calcular-rescisao","0","4","0%","7,0"
"https://precisoutapronto.com.br/mei-ou-clt","0","4","0%","7,5"
"https://precisoutapronto.com.br/en/tools/service-contract","0","4","0%","7,8"
"https://precisoutapronto.com.br/rescisao","0","4","0%","8,0"
"https://precisoutapronto.com.br/documentos-contabeis-online","0","4","0%","8,5"
"https://precisoutapronto.com.br/modelos/proposta-comercial-para-mei","0","3","0%","2,7"
"https://precisoutapronto.com.br/guias/como-assinar-documentos-digitalmente","0","3","0%","3,0"
"https://precisoutapronto.com.br/games/diagnostico","0","3","0%","5,0"
"https://precisoutapronto.com.br/conteudos-para-compartilhar","0","3","0%","5,3"
"https://precisoutapronto.com.br/privacidade","0","3","0%","5,3"
"https://precisoutapronto.com.br/guias/como-fazer-orcamento-com-pix","0","3","0%","5,7"
"https://precisoutapronto.com.br/modelos/orcamento-para-prestador-de-servico","0","3","0%","5,7"
"https://precisoutapronto.com.br/games/ferramentas/planejador-armazenamento","0","3","0%","7,0"
"https://precisoutapronto.com.br/comprimir-pdf-online","0","3","0%","7,3"
"https://precisoutapronto.com.br/games/jogos/fortnite","0","3","0%","8,7"
"https://precisoutapronto.com.br/orcamento-para/gesseiro","0","3","0%","9,0"
"https://precisoutapronto.com.br/en/tools/freelance-pricing","0","3","0%","9,3"
"https://precisoutapronto.com.br/guias/quanto-cobrar-por-hora-freelancer","0","3","0%","78,7"
"https://precisoutapronto.com.br/en","0","2","0%","1,5"
"https://precisoutapronto.com.br/en/terms","0","2","0%","1,5"
"https://precisoutapronto.com.br/games/ferramentas","0","2","0%","2,5"
"https://precisoutapronto.com.br/para/freelancers","0","2","0%","2,5"
"https://precisoutapronto.com.br/parcerias/criadores","0","2","0%","3,5"
"https://precisoutapronto.com.br/guias/checklist-de-clientes-para-autonomos","0","2","0%","4,5"
"https://precisoutapronto.com.br/games/diagnostico/privacidade","0","2","0%","5,5"
"https://precisoutapronto.com.br/en/tools/severance","0","2","0%","6,0"
"https://precisoutapronto.com.br/contrato-de-aluguel","0","2","0%","6,5"
"https://precisoutapronto.com.br/guias/modelo-de-orcamento-para-eletricista","0","2","0%","6,5"
"https://precisoutapronto.com.br/indique-e-ganhe","0","2","0%","6,5"
"https://precisoutapronto.com.br/es/tools","0","2","0%","7,5"
"https://precisoutapronto.com.br/guias/contrato-de-prestacao-de-servicos-gratis","0","2","0%","7,5"
"https://precisoutapronto.com.br/para/saude","0","2","0%","8,0"
"https://precisoutapronto.com.br/documentos-juridicos-online","0","2","0%","8,5"
"https://precisoutapronto.com.br/guias/como-precificar-servico-freelancer","0","2","0%","8,5"
"https://precisoutapronto.com.br/en/tools/enem-essay","0","2","0%","9,5"
"https://precisoutapronto.com.br/guias/mei-ou-clt-como-comparar","0","2","0%","10,0"
"https://precisoutapronto.com.br/orcamento-para/instalacao-de-cameras","0","2","0%","10,5"
"https://precisoutapronto.com.br/games/jogos/minecraft","0","2","0%","15,0"
"https://precisoutapronto.com.br/modelos/quanto-cobrar-por-hora","0","2","0%","31,5"
"https://precisoutapronto.com.br/en/tools/pdf-editor","0","2","0%","69,5"
"https://precisoutapronto.com.br/modelos/como-calcular-rescisao","0","2","0%","82,0"
"https://precisoutapronto.com.br/para/prestadores","0","1","0%","3,0"
"https://precisoutapronto.com.br/guias/como-reduzir-inadimplencia","0","1","0%","4,0"
"https://precisoutapronto.com.br/guias/modelo-de-recibo-mei","0","1","0%","4,0"
"https://precisoutapronto.com.br/guias/proposta-comercial-para-mei","0","1","0%","4,0"
"https://precisoutapronto.com.br/modelos/proposta-comercial-para-freelancer","0","1","0%","4,0"
"https://precisoutapronto.com.br/orcamento-para/marceneiro","0","1","0%","4,0"
"https://precisoutapronto.com.br/criterios-editoriais","0","1","0%","5,0"
"https://precisoutapronto.com.br/en/plans","0","1","0%","5,0"
"https://precisoutapronto.com.br/orcamento-para/fotografo","0","1","0%","5,0"
"https://precisoutapronto.com.br/modelos/agenda-profissional-online","0","1","0%","6,0"
"https://precisoutapronto.com.br/modelos/calculo-de-ferias","0","1","0%","6,0"
"https://precisoutapronto.com.br/para/empresas","0","1","0%","6,0"
"https://precisoutapronto.com.br/guias/custos-fixos-do-freelancer-como-ratear","0","1","0%","7,0"
"https://precisoutapronto.com.br/orcamento-para/mudanca-residencial","0","1","0%","8,0"
"https://precisoutapronto.com.br/en/tools/merge-pdf","0","1","0%","9,0"
"https://precisoutapronto.com.br/es/tools/proposal","0","1","0%","9,0"
"https://precisoutapronto.com.br/orcamento-para/energia-solar","0","1","0%","9,0"
"https://precisoutapronto.com.br/orcamento-para/moveis-planejados","0","1","0%","9,0"
"https://precisoutapronto.com.br/es/terms","0","1","0%","10,0"
"https://precisoutapronto.com.br/games/hardware/o-que-e-game-engine","0","1","0%","10,0"
"https://precisoutapronto.com.br/guias/quando-o-mei-compensa-mais-que-a-clt","0","1","0%","10,0"
"https://precisoutapronto.com.br/redacao-enem","0","1","0%","17,0"
"https://precisoutapronto.com.br/games/hardware/escolher-placa-de-video","0","1","0%","20,0"
"https://precisoutapronto.com.br/es/tools/background-remover","0","1","0%","32,0"
"https://precisoutapronto.com.br/guias/como-cobrar-cliente-pelo-whatsapp","0","1","0%","67,0"
"https://precisoutapronto.com.br/es/tools/image-optimizer","0","1","0%","92,0"
"https://precisoutapronto.com.br/orcamento-para/pedreiro","0","1","0%","101,0"
