"Top consultas","Cliques","Impressões","CTR","Posição"
"em pdf","1","1","100%","3,0"
"proposta comercial pdf","0","9","0%","24,1"
"teste para saber se o jogo roda no pc","0","7","0%","8,0"
"recibo prestação de serviço autonomo","0","7","0%","64,6"
"calculo rescisão comum acordo","0","7","0%","77,9"
"otimizar imagens","0","6","0%","97,0"
"recibo pix","0","5","0%","7,8"
"roda no meu pc teste","0","5","0%","8,8"
"comprovante de pix serve como recibo","0","5","0%","9,8"
"recibo de prestação de serviço","0","5","0%","59,8"
"calcular decimo terceiro proporcional","0","5","0%","90,4"
"calculadora de férias","0","5","0%","97,2"
"comprovante de pix vale como recibo","0","4","0%","9,3"
"meu pc roda esse jogo","0","4","0%","16,3"
"referencias abnt site","0","3","0%","6,0"
"proposta comercial pronta","0","3","0%","19,3"
"meu pc roda","0","3","0%","31,7"
"comprimir pdf","0","3","0%","61,3"
"criar recibo","0","3","0%","71,7"
"removedor de imagens","0","3","0%","79,3"
"cálculo exato decimo terceiro","0","3","0%","80,0"
"reduce picture quality","0","3","0%","87,7"
"downscale image","0","3","0%","95,3"
"cálculo de rescisão com fgts","0","2","0%","4,0"
"teste meu pc roda jogo","0","2","0%","7,0"
"este jogo roda no meu pc","0","2","0%","8,0"
"proposta comercial pronta pdf","0","2","0%","8,0"
"analisar redação","0","2","0%","9,0"
"recibo de diárias trabalhadas","0","2","0%","10,5"
"remover fundo de imagem online grátis","0","2","0%","12,5"
"extrair pdf","0","2","0%","22,0"
"jogo roda no meu pc","0","2","0%","22,5"
"modelo de orçamento para prestação de serviço","0","2","0%","31,0"
"quais jogos rodam no meu pc","0","2","0%","37,0"
"jogos que rodam no meu pc","0","2","0%","42,0"
"site para saber se o jogo roda no pc","0","2","0%","45,0"
"imprimir recibo de pagamento","0","2","0%","45,5"
"extrair pdf online","0","2","0%","48,5"
"como fazer um recibo de prestação de serviço","0","2","0%","55,5"
"recibo de serviço","0","2","0%","58,5"
"transformar referencia em abnt","0","2","0%","58,5"
"gerador de referencias abnt","0","2","0%","67,5"
"gerador de referências abnt","0","2","0%","67,5"
"recibo gratis","0","2","0%","67,5"
"how to reduce image size","0","2","0%","68,0"
"modelo de recibo de prestação de serviço","0","2","0%","71,5"
"como calcular preço por hora mei","0","2","0%","73,0"
"gerador abnt","0","2","0%","75,0"
"resolution image","0","2","0%","75,0"
"pdf compres","0","2","0%","76,0"
"fazer recibo online","0","2","0%","77,5"
"pdf compressor online free","0","2","0%","78,0"
"calculo exato décimo terceiro salário","0","2","0%","79,0"
"images size reducer","0","2","0%","80,0"
"recibo grátis","0","2","0%","82,5"
"fazer recibo","0","2","0%","86,5"
"compress image size","0","2","0%","90,5"
"image size downscaler","0","2","0%","90,5"
"reduce size of image online","0","2","0%","92,0"
"shrink pics online","0","2","0%","93,0"
"calculadora de ferias","0","2","0%","95,5"
"reduce image file size","0","2","0%","98,0"
"reduce image resolution online","0","2","0%","98,0"
"corrigir redacao","0","1","0%","1,0"
"graficas abertas perto de mim","0","1","0%","1,0"
"como separar um pdf","0","1","0%","2,0"
"site que testa se o jogo roda no pc","0","1","0%","5,0"
"site para ver se o jogo roda no pc","0","1","0%","6,0"
"como usuário pro, como posso extrair páginas de um pdf para fins comerciais?","0","1","0%","7,0"
"generador de pix","0","1","0%","7,0"
"meu pc roda este jogo","0","1","0%","8,0"
"o comprovante do pix serve como recibo","0","1","0%","9,0"
"simulação rescisão com fgts","0","1","0%","9,0"
"copia qr code","0","1","0%","10,0"
"como calcular rescisão trabalhista","0","1","0%","11,0"
"fortnite quantos gb pc","0","1","0%","11,0"
"generador cpf brasil","0","1","0%","11,0"
"teste para ver se o jogo roda no pc","0","1","0%","11,0"
"editor de documentos online gratis","0","1","0%","12,0"
"remover fundo online grátis","0","1","0%","16,0"
"extrair páginas de pdf","0","1","0%","17,0"
"reduce imagem size","0","1","0%","19,0"
"remover fundo online","0","1","0%","19,0"
"girar pdf online","0","1","0%","20,0"
"pix pdf","0","1","0%","23,0"
"referencias abnt artigo","0","1","0%","25,0"
"comprovante pagamento online","0","1","0%","26,0"
"meus compromissos","0","1","0%","26,0"
"dividir pdf por tamanho","0","1","0%","27,0"
"minecraft pronto","0","1","0%","29,0"
"agenda de compromisso","0","1","0%","30,0"
"quitar fondo","0","1","0%","32,0"
"qual jogo roda no meu pc","0","1","0%","36,0"
"esse jogo roda no meu pc site","0","1","0%","39,0"
"proposta comercial pronta download","0","1","0%","39,0"
"site que ver se o jogo roda no pc","0","1","0%","40,0"
"testar meu pc","0","1","0%","40,0"
"teste jogo pc","0","1","0%","40,0"
"imprimir recibo","0","1","0%","41,0"
"meu pc roda site","0","1","0%","41,0"
"cortador png","0","1","0%","42,0"
"quais jogos meu pc roda","0","1","0%","42,0"
"testar jogos pc","0","1","0%","43,0"
"teste pc jogos","0","1","0%","44,0"
"o que meu pc roda","0","1","0%","45,0"
"testar jogos no pc","0","1","0%","45,0"
"cpu para jogos","0","1","0%","46,0"
"site para ver se o jogo roda","0","1","0%","46,0"
"sem fundo png","0","1","0%","47,0"
"teste jogos pc","0","1","0%","47,0"
"gerador recibo online","0","1","0%","48,0"
"meu pc roda isso","0","1","0%","48,0"
"recibo detalhado","0","1","0%","48,0"
"sites para saber se o jogo roda no pc","0","1","0%","48,0"
"criar proposta comercial online grátis","0","1","0%","49,0"
"gerador de recibo online","0","1","0%","49,0"
"recibo de prestação de serviço modelo","0","1","0%","49,0"
"corte png","0","1","0%","50,0"
"orçamento eletricista","0","1","0%","50,0"
"calcular tempo de casa","0","1","0%","51,0"
"remover fundo e transformar em png","0","1","0%","51,0"
"tira png","0","1","0%","51,0"
"roda ou nao roda","0","1","0%","52,0"
"disminuir pdf","0","1","0%","54,0"
"processador para jogos","0","1","0%","54,0"
"recibo de prestacao de servico","0","1","0%","54,0"
"recibo de prestação de serviços","0","1","0%","54,0"
"orçamento de jardinagem","0","1","0%","55,0"
"formatar abnt referencias","0","1","0%","56,0"
"test game pc","0","1","0%","56,0"
"transparencia png","0","1","0%","56,0"
"gerar referência abnt","0","1","0%","60,0"
"recibo prestação de serviço","0","1","0%","60,0"
"online comprimir pdf","0","1","0%","62,0"
"pdf smaller","0","1","0%","62,0"
"comprimnir pdf","0","1","0%","63,0"
"comptimir pdf","0","1","0%","63,0"
"pdf comprimir","0","1","0%","63,0"
"compreso pdf","0","1","0%","64,0"
"comprimir pdf on line","0","1","0%","64,0"
"tirar png","0","1","0%","64,0"
"comprimir psf","0","1","0%","65,0"
"fazedor de png","0","1","0%","65,0"
"gerador de proposta comercial","0","1","0%","65,0"
"proporcional de decimo terceiro","0","1","0%","65,0"
"compactar pdf online","0","1","0%","66,0"
"comprimir pdf free","0","1","0%","66,0"
"fundo de imagem transparente","0","1","0%","66,0"
"como cobrar um cliente por whatsapp","0","1","0%","67,0"
"imagem png sem fundo","0","1","0%","67,0"
"pdfsplit","0","1","0%","67,0"
"remover margem pdf","0","1","0%","67,0"
"criar recibo online","0","1","0%","68,0"
"deixa imagem em png","0","1","0%","68,0"
"emissor de recibos","0","1","0%","68,0"
"recibos de pagamento","0","1","0%","68,0"
"image sizer","0","1","0%","69,0"
"quanto fps meu pc roda","0","1","0%","70,0"
"calculo rescisao","0","1","0%","71,0"
"gerador de referências bibliográficas abnt","0","1","0%","71,0"
"quanto cobrar por freela","0","1","0%","71,0"
"compress compressed pdf","0","1","0%","72,0"
"o que é recibo","0","1","0%","72,0"
"shrink pdf file online","0","1","0%","72,0"
"compres pdf","0","1","0%","73,0"
"compress pdf","0","1","0%","73,0"
"modelo de recibo de prestacao de servico","0","1","0%","73,0"
"modelo de recibo prestador de serviço","0","1","0%","73,0"
"gerador referencias","0","1","0%","74,0"
"remover fundo png gratis","0","1","0%","74,0"
"compress pdf file","0","1","0%","75,0"
"diminuir pixels de imagem","0","1","0%","75,0"
"modelo recibo prestação de serviço","0","1","0%","75,0"
"compress pdf compress pdf compress pdf","0","1","0%","76,0"
"deixar transparente","0","1","0%","76,0"
"gerador de recibo de pagamento","0","1","0%","76,0"
"image press","0","1","0%","76,0"
"modelo de recibo de prestação de serviços","0","1","0%","76,0"
"recibo de serviços prestados","0","1","0%","76,0"
"recibo online prestação de serviço","0","1","0%","76,0"
"size image","0","1","0%","76,0"
"decrease picture size","0","1","0%","77,0"
"emissor de recibo","0","1","0%","77,0"
"pdf size reduce","0","1","0%","77,0"
"recibo gratuito","0","1","0%","77,0"
"gerador de recibo grátis","0","1","0%","78,0"
"modelo recibo de prestação de serviço","0","1","0%","78,0"
"recibo prestador de serviço","0","1","0%","78,0"
"calculo exato 13","0","1","0%","79,0"
"como fazer recibo de aluguel","0","1","0%","79,0"
"comrpess pdf","0","1","0%","79,0"
"recibo de serviço prestado","0","1","0%","79,0"
"reduce the size of pictures","0","1","0%","79,0"
"comprimir arquivo","0","1","0%","80,0"
"esticar imagem online","0","1","0%","80,0"
"gerador de recibos","0","1","0%","80,0"
"qual o valor de um freelancer por dia","0","1","0%","80,0"
"shorten photo","0","1","0%","80,0"
"criar recibo gratis","0","1","0%","81,0"
"cálculo decimo terceiro exato","0","1","0%","81,0"
"recibo online simples","0","1","0%","81,0"
"somar rescisao","0","1","0%","81,0"
"tabela de preços freelancer","0","1","0%","81,0"
"vou tirar ferias quanto recebo","0","1","0%","81,0"
"como fazer um calculo de rescisão","0","1","0%","82,0"
"compress picture","0","1","0%","83,0"
"gerador de recibo gratuito","0","1","0%","83,0"
"gerar recibo de pagamento","0","1","0%","83,0"
"como calcular decimo terceiro proporcional","0","1","0%","84,0"
"recibo online grátis","0","1","0%","84,0"
"image downscaler","0","1","0%","85,0"
"photo reduce","0","1","0%","85,0"
"photo resolution reduce","0","1","0%","85,0"
"reduce image quality","0","1","0%","85,0"
"downscaler image","0","1","0%","86,0"
"online photo compressor","0","1","0%","86,0"
"images quality reducer","0","1","0%","87,0"
"split invoice pdf","0","1","0%","87,0"
"change the size of photo","0","1","0%","88,0"
"pic size reducer","0","1","0%","88,0"
"picture scaling","0","1","0%","88,0"
"quality decrease photo","0","1","0%","88,0"
"reduce size of an image online","0","1","0%","88,0"
"calculo de férias exato","0","1","0%","89,0"
"caluladora de ferias","0","1","0%","89,0"
"reduce picture file size","0","1","0%","89,0"
"calculo exato do decimo terceiro salario","0","1","0%","90,0"
"downsize photo","0","1","0%","90,0"
"make image smaller file size","0","1","0%","90,0"
"photo shortener","0","1","0%","90,0"
"calculo acordo trabalhista","0","1","0%","91,0"
"reduce size of images online","0","1","0%","91,0"
"calculadora décimo terceiro proporcional","0","1","0%","92,0"
"calculo exato ferias","0","1","0%","92,0"
"como calcular 13o salário proporcional","0","1","0%","92,0"
"high to low photo size","0","1","0%","92,0"
"image resizer online","0","1","0%","92,0"
"site para redimensionar imagem","0","1","0%","92,0"
"file size editor","0","1","0%","93,0"
"photo shrink online","0","1","0%","93,0"
"pic size reduce online","0","1","0%","93,0"
"scale down images","0","1","0%","93,0"
"calculadora de 13 proporcional","0","1","0%","94,0"
"calculo rescisão com comissão","0","1","0%","94,0"
"como calcular 13o proporcional","0","1","0%","94,0"
"how to reduce size of image online","0","1","0%","94,0"
"photo size","0","1","0%","94,0"
"picture reduce","0","1","0%","94,0"
"reduce the size of an image online","0","1","0%","94,0"
"compress photo size","0","1","0%","95,0"
"convert large image to small","0","1","0%","95,0"
"convert to lower resolution","0","1","0%","95,0"
"decrease resolution of image","0","1","0%","95,0"
"reduce image resolution","0","1","0%","95,0"
"reduce size image","0","1","0%","95,0"
"size reducer","0","1","0%","95,0"
"decrease image","0","1","0%","96,0"
"decrease size of image","0","1","0%","96,0"
"decrese the size of image","0","1","0%","96,0"
"image clarity reducer","0","1","0%","96,0"
"image size reducer","0","1","0%","96,0"
"photo resize","0","1","0%","96,0"
"reduce size of pictures","0","1","0%","96,0"
"reduce the size of the image online","0","1","0%","96,0"
"reducer images","0","1","0%","96,0"
"calcular 13o salário proporcional","0","1","0%","97,0"
"decrease image size online","0","1","0%","97,0"
"image size reduction","0","1","0%","97,0"
"image reduce online","0","1","0%","98,0"
"lower resolution of image online","0","1","0%","98,0"
"online reduce size","0","1","0%","98,0"
"reduce size for image","0","1","0%","98,0"
"size downscaler","0","1","0%","98,0"
"decrease image resolution","0","1","0%","99,0"
"image resolution reduce","0","1","0%","99,0"
"make your picture smaller","0","1","0%","99,0"
"quality reduce","0","1","0%","99,0"
"calculo rescisão","0","1","0%","100,0"
"downscale picture","0","1","0%","100,0"
"image shrink","0","1","0%","100,0"
"photo to small size","0","1","0%","100,0"
"picture size reducer online","0","1","0%","100,0"
"reduce imag","0","1","0%","100,0"
"reduce picture online","0","1","0%","100,0"
"reduce picture size online","0","1","0%","100,0"
"rezise image","0","1","0%","100,0"
