"Keyword","Impressions","Clicks","CTR","Avg. Position"
"recibo de aluguel","56","1","1.79%","4.625005357142858"
"recibo aluguel","36","0","0%","3.444436111111111"
"recibo de aluguel online","7","0","0%","6.714300000000001"
"recibo de pagamento de aluguel","5","0","0%","5"
"recibo de aluguel de casa","4","0","0%","3"
"recibo aluguel imóvel","4","0","0%","8.25"
"recibo de pagamento de aluguel de imóvel","4","0","0%","7"
"como fazer recibo de aluguel simples","4","0","0%","6.25"
"recibo de aluguel para imprimir","3","0","0%","8"
"crie um recibo profissional de recebimento de aluguel.","3","0","0%","6"
"recibo de aluguel modelo pdf","2","0","0%","7"
"modelo de recibo de aluguel","2","0","0%","5.5"
"recibo de aluguel online grátis","2","0","0%","5"
"recibo aluguel online","2","0","0%","4"
"recibo online aluguel","2","0","0%","5"
"recibo de alugueis casas da cidade","2","0","0%","3"
"recibo locação","2","0","0%","8"
"segue comprovativo de pagamento do aluguer do escritorio","1","0","0%","6"
"modelo de recibo de estadia em aluguel de temporada","1","0","0%","6"
"comprovante de pagamento de aluguel por terceiro separacao","1","0","0%","3"
"recibo locação de carro marcos","1","0","0%","5"
"boa tarde! eu enviei  o comprovante do pagamento do aluguel referente ao mês de julho.","1","0","0%","5"
"locaçaõ recibo","1","0","0%","7"
